{"faceNormals":[[0,0,1,1,1,0],[1,1,2,2,2,1],[2,2,3,3,3,2],[3,3,4,4,4,3],[4,4,5,5,5,4],[5,5,6,6,6,5],[6,6,7,7,7,6],[7,7,0,0,0,7],[9,33,8],[10,33,9],[11,33,10],[12,33,11],[8,13,14,14,9,8],[9,14,15,15,10,9],[10,15,16,16,11,10],[11,16,17,17,12,11],[13,18,19,19,14,13],[14,19,20,20,15,14],[15,20,21,21,16,15],[16,21,22,22,17,16],[18,23,24,24,19,18],[19,24,25,25,20,19],[20,25,26,26,21,20],[21,26,27,27,22,21],[23,28,29,29,24,23],[24,29,30,30,25,24],[25,30,31,31,26,25],[26,31,32,32,27,26],[29,28,34],[30,29,34],[31,30,34],[32,31,34]],"faceVertices":[[3,2,1,1,0,3],[0,1,5,5,4,0],[4,5,7,7,6,4],[6,7,9,9,8,6],[8,9,11,11,10,8],[10,11,13,13,12,10],[12,13,15,15,14,12],[14,15,2,2,3,14],[18,17,16],[19,17,18],[20,17,19],[21,17,20],[16,23,22,22,18,16],[18,22,24,24,19,18],[19,24,25,25,20,19],[20,25,26,26,21,20],[23,28,27,27,22,23],[22,27,29,29,24,22],[24,29,30,30,25,24],[25,30,31,31,26,25],[28,33,32,32,27,28],[27,32,34,34,29,27],[29,34,35,35,30,29],[30,35,36,36,31,30],[33,38,37,37,32,33],[32,37,39,39,34,32],[34,39,40,40,35,34],[35,40,41,41,36,35],[37,38,42],[39,37,42],[40,39,42],[41,40,42]],"materials":[{"diffuse":[0.267,0.267,0.267,1],"faces":[0,1,2,3,4,5,6,7,8,9,10,11,12,13,14,15,16,17,18,19,20,21,22,23,24,25,26,27,28,29,30,31],"specular":[0.405,0.405,0.405,1],"triangles":[3,2,1,0,0,1,1,0,3,1,1,0,0,1,5,1,1,2,5,4,0,2,2,1,4,5,7,2,2,3,7,6,4,3,3,2,6,7,9,3,3,4,9,8,6,4,4,3,8,9,11,4,4,5,11,10,8,5,5,4,10,11,13,5,5,6,13,12,10,6,6,5,12,13,15,6,6,7,15,14,12,7,7,6,14,15,2,7,7,0,2,3,14,0,0,7,18,17,16,9,33,8,19,17,18,10,33,9,20,17,19,11,33,10,21,17,20,12,33,11,16,23,22,8,13,14,22,18,16,14,9,8,18,22,24,9,14,15,24,19,18,15,10,9,19,24,25,10,15,16,25,20,19,16,11,10,20,25,26,11,16,17,26,21,20,17,12,11,23,28,27,13,18,19,27,22,23,19,14,13,22,27,29,14,19,20,29,24,22,20,15,14,24,29,30,15,20,21,30,25,24,21,16,15,25,30,31,16,21,22,31,26,25,22,17,16,28,33,32,18,23,24,32,27,28,24,19,18,27,32,34,19,24,25,34,29,27,25,20,19,29,34,35,20,25,26,35,30,29,26,21,20,30,35,36,21,26,27,36,31,30,27,22,21,33,38,37,23,28,29,37,32,33,29,24,23,32,37,39,24,29,30,39,34,32,30,25,24,34,39,40,25,30,31,40,35,34,31,26,25,35,40,41,26,31,32,41,36,35,32,27,26,37,38,42,29,28,34,39,37,42,30,29,34,40,39,42,31,30,34,41,40,42,32,31,34]}],"normals":[[0.707107,0.707107,0],[1,0,0],[0.707107,-0.707107,0],[-2e-06,-1,0],[-0.707108,-0.707105,0],[-1,0,0],[-0.707108,0.707105,0],[-2e-06,1,0],[0.496706,0.843181,-0.205742],[0.358902,0.861614,-0.358902],[0,0.861614,-0.507564],[-0.358902,0.861614,-0.358902],[-0.496706,0.843181,-0.205742],[0.862224,0.35919,-0.357144],[0.652733,0.384552,-0.652733],[0,0.384551,-0.923104],[-0.652733,0.384552,-0.652733],[-0.862224,0.35919,-0.357144],[0.92388,0,-0.382683],[0.707107,-0,-0.707107],[0,0,-1],[-0.707107,0,-0.707107],[-0.92388,0,-0.382683],[0.862224,-0.35919,-0.357144],[0.652733,-0.384552,-0.652733],[0,-0.384551,-0.923104],[-0.652733,-0.384552,-0.652733],[-0.862224,-0.35919,-0.357144],[0.496706,-0.843181,-0.205742],[0.358902,-0.861614,-0.358902],[0,-0.861614,-0.507564],[-0.358902,-0.861614,-0.358902],[-0.496706,-0.843181,-0.205742],[0,0.997039,-0.076893],[0,-0.997039,-0.076893]],"vertices":[[0.01352,0,0.02121],[0.01352,0,0.0543],[0.00955,0.00957,0.0543],[0.00955,0.00957,0.02121],[0.00955,-0.00957,0.02121],[0.00955,-0.00957,0.0543],[-2e-05,-0.01354,0.02121],[-2e-05,-0.01354,0.0543],[-0.0096,-0.00957,0.02121],[-0.0096,-0.00957,0.0543],[-0.01356,0,0.02121],[-0.01356,0,0.0543],[-0.0096,0.00957,0.02121],[-0.0096,0.00957,0.0543],[-2e-05,0.01354,0.02121],[-2e-05,0.01354,0.0543],[0.02336,0.02345,0.08065],[-9e-05,0.02601,0.08065],[0.01649,0.02345,0.06406],[-9e-05,0.02345,0.05719],[-0.01667,0.02345,0.06406],[-0.02354,0.02345,0.08065],[0.02158,0.01269,0.05898],[0.03055,0.01269,0.08065],[-9e-05,0.01269,0.05001],[-0.02176,0.01269,0.05898],[-0.03073,0.01269,0.08065],[0.02336,0,0.05719],[0.03308,0,0.08065],[-9e-05,0,0.04748],[-0.02354,0,0.05719],[-0.03326,0,0.08065],[0.02158,-0.01269,0.05898],[0.03055,-0.01269,0.08065],[-9e-05,-0.01269,0.05001],[-0.02176,-0.01269,0.05898],[-0.03073,-0.01269,0.08065],[0.01649,-0.02345,0.06406],[0.02336,-0.02345,0.08065],[-9e-05,-0.02345,0.05719],[-0.01667,-0.02345,0.06406],[-0.02354,-0.02345,0.08065],[-9e-05,-0.02601,0.08065]]}